Project,Pillar,State,View project URL (add as a column in My Maps)
Garners Beach Cassowary Rehabilitation Centre Project,Saving Species,QLD,https://fnpw.org.au/project-garners-beach-cassowary-rehabilitation-centre-project.html
Tangaroa Blue,Healing the Land,QLD,https://fnpw.org.au/project-tangaroa-blue.html
Genetic Code of Koalas,Saving Species,Australia,https://fnpw.org.au/project-genetic-code-of-koalas.html
Bushfire Recovery Habitat Restoration,Healing the Land,NSW,https://fnpw.org.au/project-bushfire-recovery-habitat-restoration.html
Bilby Fire Project,Saving Species,Australia,https://fnpw.org.au/project-bilby-fire-project.html
Brush Tailed Rock Wallaby School Education,Saving Species,NSW,https://fnpw.org.au/project-brush-tailed-rock-wallaby-school-education.html
Caught on Camera,Saving Species,Australia,https://fnpw.org.au/project-caught-on-camera.html
Christmas Island Reptiles,Saving Species,Christmas Island,https://fnpw.org.au/project-christmas-island-reptiles.html
Eastern Bristlebird,Saving Species,NSW,https://fnpw.org.au/project-eastern-bristlebird.html
Endangered Pomaderris Plants,Saving Species,NSW,https://fnpw.org.au/project-endangered-pomaderris-plants.html
Feather Leaved Banksia of Wa,Saving Species,WA,https://fnpw.org.au/project-feather-leaved-banksia-of-wa.html
Gogerlys Point Heritage Precinct,Growing Parks,NSW,https://fnpw.org.au/project-gogerlys-point-heritage-precinct.html
Granite Island Little Penguins,Saving Species,SA,https://fnpw.org.au/project-granite-island-little-penguins.html
Green Parrot Breeding Project,Saving Species,Norfolk Island,https://fnpw.org.au/project-green-parrot-breeding-project.html
Habitats for Koalas in the Otways,Healing the Land,VIC,https://fnpw.org.au/project-habitats-for-koalas-in-the-otways.html
Jungurra,Healing the Land,WA,https://fnpw.org.au/project-jungurra.html
Kangaroo Island's Bandicoots,Saving Species,SA,https://fnpw.org.au/project-kangaroo-islands-bandicoots.html
Kangaroo Island's Enigma Moth,Saving Species,SA,https://fnpw.org.au/project-kangaroo-islands-enigma-moth.html
Koala Tree Planting,Healing the Land,NSW,https://fnpw.org.au/project-koala-tree-planting.html
Kosciuszko National Park 2020 Fire Recovery,Healing the Land,NSW,https://fnpw.org.au/project-kosciuszko-national-park-2020-fire-recovery.html
Kukundi Nature Playspace,Growing Parks,NSW,https://fnpw.org.au/project-kukundi-nature-playspace.html
Lane Cove Bushcare Program,Healing the Land,NSW,https://fnpw.org.au/project-lane-cove-bushcare-program-2018.html
Malleefowl Conservation,Saving Species,Australia,https://fnpw.org.au/project-malleefowl-conservation.html
Manly Little Penguins,Saving Species,NSW,https://fnpw.org.au/project-manly-little-penguins.html
Movement of Koalas back into Severely Burnt Forest,Saving Species,NSW,https://fnpw.org.au/project-movement-of-koalas-back-into-severely-burnt-forest.html
Mt Schank Walking Trail,Growing Parks,SA,https://fnpw.org.au/project-mt-schank-walking-trail.html
Petaurus Connections,Healing the Land,NSW,https://fnpw.org.au/project-petaurus-connections.html
Quolls,Saving Species,Australia,https://fnpw.org.au/project-quolls.html
Red Tailed Phascogale,Saving Species,WA,https://fnpw.org.au/project-red-tailed-phascogale.html
Redlands Koala Planting,Healing the Land,QLD,https://fnpw.org.au/project-redlands-koala-planting.html
Remarkable Southern Flinders,Growing Parks,SA,https://fnpw.org.au/project-remarkable-southern-flinders.html
Restoring the Glideways of K2W,Healing the Land,NSW,https://fnpw.org.au/project-restoring-the-glideways-of-k2w.html
Seagrass Collaboration,Healing the Land,Australia,https://fnpw.org.au/project-seagrass-collaboration.html
Southern Highlands Koala Conservation,Saving Species,NSW,https://fnpw.org.au/project-southern-highlands-koala-conservation.html
Tassie Devil Roadkill,Saving Species,TAS,https://fnpw.org.au/project-tassie-devil-roadkill.html
The Great Koala Count,Saving Species,Australia,https://fnpw.org.au/project-the-great-koala-count.html
Trails for Tails,Growing Parks,QLD,https://fnpw.org.au/project-trails-for-tails.html
WA Bird Watering Stations,Saving Species,WA,https://fnpw.org.au/project-wa-bird-watering-stations.html
Warddeken Mayh,Healing the Land,NT,https://fnpw.org.au/project-warddeken-mayh.html
WA's Woylie Survival,Saving Species,WA,https://fnpw.org.au/project-was-woylie-survival.html
Western Swamp Tortoise,Saving Species,WA,https://fnpw.org.au/project-western-swamp-tortoise.html
Woomargama National Park,Growing Parks,NSW,https://fnpw.org.au/project-woomargama-national-park.html
"Yarning Online, On Country: Kurrupurra Pila Weaving",Healing the Land,SA,https://fnpw.org.au/project-yarning-online-oncountry-kurrupurra-pila-weaving.html
Yarrahapinni Wetlands Restoration Stage 1,Healing the Land,NSW,https://fnpw.org.au/project-yarrahapinni-wetlands-restoration-stage-1.html
Youth Wildlife Ambassadors,Saving Species,VIC,https://fnpw.org.au/project-youth-wildlife-ambassadors.html
Nectarlovers,Saving Species,NSW,https://fnpw.org.au/project-nectarlovers.html
Enhancing Biodiversity &amp; Protecting Cultural Heritage at Torrens Island,Growing Parks,SA,https://fnpw.org.au/project-enhancing-biodiversity-protecting-cultural-heritage-at-torrens-island-conservation.html
FNPW Koala Projects,Saving Species,Australia,https://fnpw.org.au/project-fnpw-koala-projects.html
Nilpena National Park,Growing Parks,SA,https://fnpw.org.au/project-nilpena-nationalpark.html
Aussie Ark Quolls,Saving Species,NSW,https://fnpw.org.au/project-aussie-ark-quolls.html
Lion Island Little Penguin,Saving Species,NSW,https://fnpw.org.au/project-lion-island-little-penguin.html
Impact of Bushfires on Koalas,Saving Species,NSW,https://fnpw.org.au/project-impact-of-bushfires-on-koalas.html
Alpine Frogs: A Calling,Saving Species,NSW,https://fnpw.org.au/project-alpine-frogs-a-calling.html
Ngurrawaana Ranger Habitat Conservation,Healing the Land,WA,https://fnpw.org.au/project-ngurrawaana-ranger-habitat-conservation.html
Heritage Estates,Growing Parks,NSW,https://fnpw.org.au/project-heritage-estates.html
1 Million Turtles,Saving Species,Australia,https://fnpw.org.au/project-1-million-turtles.html
Native Plant Nurseries,Healing the Land,Australia,https://fnpw.org.au/project-native-plant-nurseries.html
Cultivating Koala Habitat,Healing the Land,Australia,https://fnpw.org.au/project-cultivating-koala-habitat.html
Mountain Pygmy Possum,Saving Species,VIC,https://fnpw.org.au/project-mountain-pygmy-possum.html
Wild Heart,Healing the Land,Australia,https://fnpw.org.au/project-wild-heart.html
Bushfire Recovery Program,Healing the Land,Australia,https://fnpw.org.au/project-bushfire-recovery-program.html
Fire Wise,Healing the Land,Australia,https://fnpw.org.au/project-fire-wise.html
Sturt National Park,Growing Parks,NSW,https://fnpw.org.au/project-sturt-national-park.html
Wildlife Heroes,Saving Species,Australia,https://fnpw.org.au/project-wildlife-heroes.html
Black Cockatoo Corridor,Healing the Land,WA,https://fnpw.org.au/project-black-cockatoo-corridor.html
Memorial Trees,Healing the Land,Australia,https://fnpw.org.au/project-memorial-trees.html
Bandicoot Superhighway Project,Saving Species,VIC,https://fnpw.org.au/project-bandicoot-superhighway-project.html
Students Dig in for Conservation,Healing the Land,TAS,https://fnpw.org.au/project-students-dig-in-for-conservation.html
Devil Ark,Saving Species,NSW,https://fnpw.org.au/project-devil-ark.html
Bushfire Recovery Seedbanks,Healing the Land,Australia,https://fnpw.org.au/project-bushfire-recovery-seedbanks.html
Mary Valley Rail Trail Habitat Link,Healing the Land,QLD,https://fnpw.org.au/project-mary-valley-rail-trail-habitat-link.html
Save the Orange Bellied Parrot,Saving Species,TAS,https://fnpw.org.au/project-save-the-orange-bellied-parrot.html
Recovering Blue Butterflies in Victoria,Saving Species,VIC,https://fnpw.org.au/project-recovering-blue-butterflies-in-victoria.html
Restoring Campbells Wetland Walkway,Healing the Land,NSW,https://fnpw.org.au/project-restoring-campbells-wetland-walkway.html
Nest Boxes in Plenty Gorge Park,Saving Species,VIC,https://fnpw.org.au/project-nest-boxes-in-plenty-gorge-park.html
Backyard Buddies,Saving Species,Australia,https://fnpw.org.au/project-backyard-buddies.html
White Throated Grasswren,Saving Species,NT,https://fnpw.org.au/project-white-throated-grasswren.html
Mount Field National Park,Growing Parks,TAS,https://fnpw.org.au/project-mount-field-national-park.html
Booningyah Junior Rangers Program,Healing the Land,Australia,https://fnpw.org.au/project-booningyah-junior-rangers-program.html
Dalki Garringa Botanic Park,Growing Parks,VIC,https://fnpw.org.au/project-dalki-garringa-botanic-park.html
Gift a Tree for Nature Conservation,Healing the Land,Australia,https://fnpw.org.au/project-gift-a-tree-for-nature-conservation.html
Curb Wombat Mange Program,Saving Species,Australia,https://fnpw.org.au/project-curb-wombat-mange-program.html
Supporting Community Led Treatment to Protect Bare Nosed Wombats,Saving Species,Australia,https://fnpw.org.au/project-supporting-community-led-treatment-to-protect-bare-nosed-wombats.html
